{"cameraMode":{"drawMode":0,"name":"Shaded","section":"Shading Mode"},"sceneLighting":true,"audioPlay":false,"sceneViewState":{"m_AlwaysRefresh":false,"showFog":true,"showSkybox":true,"showFlares":true,"showImageEffects":true,"showParticleSystems":true,"showVisualEffectGraphs":true,"m_FxEnabled":true},"in2DMode":false,"pivot":{"x":5.823275089263916,"y":63.14290237426758,"z":10.865511894226075},"rotation":{"x":0.001424199901521206,"y":-0.7604464292526245,"z":0.6494434475898743,"w":0.0009599847835488617},"size":11.342473983764649,"orthographic":false}